<?xml version="1.0"?>
<appian-component-plugin name="Dynamic Charts" key="santander.ddd">
	<plugin-info>
		<description>Dynamic Charts</description>
		<vendor name="Santander Group" url="https://www.santander.co.uk" />
		<support supported="true" email="harisht@incessanttechnologies.com" url="www.santander.co.uk"/>
		<version>1.0.0</version>
	</plugin-info>
	<component rule-name="customerRelationField" version="1.0.0">
		<sdk-version>2.0.0</sdk-version>
		<supported-user-agents>chrome firefox edge safari mobile</supported-user-agents>
		<html-entry-point>index.html</html-entry-point>
		<icon-file>dynamicChartGenerator.svg</icon-file>

		<parameter>
			<name>customerNumber</name>
			<category>input-only</category>
			<type>Text</type>
		</parameter>

		<parameter>
			<name>expandLevel</name>
			<category>input-only</category>
			<type>Integer</type>
		</parameter>

		<parameter>
			<name>initialLevel</name>
			<category>input-only</category>
			<type>Integer</type>
		</parameter>

		<parameter>
			<name>url</name>
			<category>input-only</category>
			<type>Text</type>
		</parameter>

		<parameter>
			<name>clientId</name>
			<category>input-only</category>
			<type>Text</type>
		</parameter>

		<parameter>
			<name>authorization</name>
			<category>input-only</category>
			<type>Text</type>
		</parameter>
		<parameter>
			<name>isProduct</name>
			<category>input-only</category>
			<type>Boolean</type>
		</parameter>
		<parameter>
			<name>save</name>
			<category>event</category>
		</parameter>

	</component>
</appian-component-plugin>
